number,code,,ssdate,sssrhsl(%),fxj(y),ssdate1,bkzf,dyrzf,derzf,dsrzf,y
1,688001,2019/7/31,20190722,80.03,24.26,2019/7/22,-1.32%,128.77,-0.12,0.06,54.72
2,688002,2019/7/31,20190722,80.48,20,2019/7/22,3.92%,151,-0.13,0.06,49.93
3,688003,2019/7/31,20190722,74.03,25.5,2019/7/22,-0.62%,85.88,-0.15,0.08,48.44
4,688004,2020/6/30,20200612,72.07,28.77,2020/6/12,9.53%,340.74,0.03,-0.11,129.66
5,688005,2019/7/31,20190722,79.44,26.62,2019/7/22,-2.28%,86.06,-0.16,0.06,49.26
6,688006,2019/7/31,20190722,79.48,27.43,2019/7/22,-2.28%,99.13,-0.14,0.07,53.99
7,688007,2019/7/31,20190722,78.86,17.5,2019/7/22,5.20%,121.94,-0.11,0.16,41.87
8,688008,2019/7/31,20190722,78.42,24.8,2019/7/22,5.75%,202.1,-0.01,0.02,77.01
9,688009,2019/7/31,20190722,77.98,5.85,2019/7/22,-1.92%,109.74,-0.06,0.03,9.54
10,688010,2019/7/31,20190722,74.4,25.22,2019/7/22,3.66%,92.98,0.12,0.49,80.45
11,688011,2019/7/31,20190722,76.41,38.09,2019/7/22,3.92%,84.22,-0.14,0.09,69.72
12,688012,2019/7/31,20190722,75.41,29.01,2019/7/22,5.75%,179.32,0.03,0.02,87.11
13,688013,2020/9/30,20200928,83.28,18.62,2020/9/28,-5.81%,118.64,-0.11,-0.06,40.02
14,688015,2019/7/31,20190722,75.93,16.18,2019/7/22,-1.92%,134.24,0.08,0.02,51.65
15,688016,2019/7/31,20190722,84.51,46.23,2019/7/22,0.11%,242.42,-0.07,0.05,156.58
16,688017,2020/8/31,20200828,69.35,35.06,2020/8/28,5.15%,68.08,-0.07,0.1,55.19
17,688018,2019/7/31,20190722,76.65,62.6,2019/7/22,5.75%,106.25,0.14,0.1,158.14
18,688019,2019/7/31,20190722,86.19,39.19,2019/7/22,12.03%,400.15,-0.09,0.02,142.9
20,688021,2019/11/30,20191106,75.24,26.17,2019/11/6,0.14%,26.9,0.19,-0.13,38.7
21,688022,2019/7/31,20190722,72.39,25.79,2019/7/22,-1.32%,94.61,0.09,-0.06,66.24
22,688023,2019/11/30,20191105,81.73,56.5,2019/11/5,-3.40%,39.93,0.12,0.29,120.14
23,688025,2019/10/31,20191031,68.85,43.86,2019/10/31,-4.41%,33.74,-0.16,0,57.77
24,688026,2020/1/31,20200122,70.4,16.49,2020/1/22,10.20%,223.59,0.1,1.09,40.97
25,688027,2020/7/31,20200709,81.56,36.18,2020/7/9,6.01%,923.91,-0.09,0.03,434.74
26,688028,2019/7/31,20190722,75.49,26.68,2019/7/22,-0.52%,109.9,0.05,0,88.21
27,688029,2019/7/31,20190722,65.68,52.45,2019/7/22,0.11%,110.7,0.12,0.04,91.85
28,688030,2019/9/30,20190930,64.4,21.06,2019/9/30,5.06%,112.73,0.09,-0.1,44.31
29,688031,2022/10/31,20221018,73,47.34,2022/10/18,21.46%,60.54,-0.04,-0.07,76
30,688032,2021/12/31,20211220,69.38,557.8,2021/12/20,-6.03%,29.98,-0.02,0.05,530.51
31,688033,2019/7/31,20190722,77.7,20.37,2019/7/22,-1.92%,96.76,0.12,-0.07,46.07
32,688035,2022/9/30,20220919,79.4,46.12,2022/9/19,-7.45%,64.46,0.05,-0.16,79.69
33,688036,2019/9/30,20190930,67.95,35.15,2019/9/30,5.30%,64.44,-0.13,-0.04,55.89
34,688037,2019/12/31,20191216,84.33,26.97,2019/12/16,13.40%,139.15,-0.09,0.24,75.15
35,688038,2021/7/31,20210713,84.74,8.6,2021/7/13,-4.32%,263.02,0.01,-0.14,31.27
36,688039,2019/12/31,20191211,85.72,50.48,2019/12/11,9.54%,54.08,-0.03,-0.05,80.24
37,688041,2022/8/31,20220812,59.68,36,2022/8/12,-3.10%,66.94,-0.05,0.07,60.69
38,688045,2022/5/31,20220526,71.9,55.15,2022/5/26,11.84%,13.51,-0.11,-0.01,68.05
39,688046,2022/4/30,20220425,50.3,22.53,2022/4/25,-18.33%,-17.89,-0.1,0.03,18.65
40,688047,2022/6/30,20220624,77.56,60.06,2022/6/24,12.19%,48.3,0.13,0.03,103.53
41,688048,2022/4/30,20220401,58.5,80.8,2022/4/1,-17.40%,-1.49,-0.07,-0.06,79.24
42,688049,2021/11/30,20211129,79.66,42.98,2021/11/29,20.50%,93.11,-0.03,-0.12,83
43,688050,2020/7/31,20200729,78.23,33.55,2020/7/29,16.19%,616.84,0,0.03,292.41
44,688051,2020/3/31,20200320,66.56,50.81,2020/3/20,-12.05%,130.29,-0.08,0.03,115.49
45,688052,2022/4/30,20220422,58.37,230,2022/4/22,-17.40%,12.86,-0.09,-0.01,263.39
46,688053,2022/7/31,20220708,55.88,55.53,2022/7/8,4.56%,-3.12,-0.07,0.09,57.92
47,688055,2020/8/31,20200817,80.03,1.22,2020/8/17,4.24%,707.38,0.35,0.02,13.44
48,688056,2020/9/30,20200902,73.79,24.8,2020/9/2,-9.75%,91.13,-0.06,-0.05,46.71
49,688057,2020/11/30,20201111,64.93,25.84,2020/11/11,-0.46%,70.12,-0.12,0.07,40.07
50,688058,2019/11/30,20191101,74.69,79.3,2019/11/1,-3.40%,26.36,-0.06,-0.04,69.37
51,688059,2021/2/28,20210208,86.59,37.09,2021/2/8,2.68%,132.41,-0.05,-0.22,84.66
52,688060,2020/7/31,20200710,74.76,44.47,2020/7/10,10.34%,468.05,-0.09,0.06,249.62
53,688061,2022/10/31,20221018,47.49,112.69,2022/10/18,6.74%,-16.65,0,0.03,96.8
54,688062,2022/1/31,20220118,53.61,34.8,2022/1/18,-11.99%,-29.6,0.3,-0.14,31.9
55,688063,2020/12/31,20201230,75.95,56,2020/12/30,2.38%,320.16,0.1,0.16,299.89
56,688065,2020/8/31,20200812,58.27,133.45,2020/8/12,6.66%,17.65,-0.12,0.01,110.62
57,688066,2019/7/31,20190722,76.53,17.25,2019/7/22,3.92%,175.94,0.04,0.04,64.74
58,688067,2021/6/30,20210616,71.12,14.71,2021/6/16,-1.05%,160.37,-0.18,-0.02,37.72
59,688068,2019/9/30,20190930,74.3,29.46,2019/9/30,2.52%,140.63,-0.04,-0.03,44.58
60,688069,2020/7/31,20200722,68.7,67.2,2020/7/22,9.95%,51.34,-0.05,0.02,70.3
61,688070,2021/2/28,20210210,82.84,23.16,2021/2/10,-1.50%,137.52,-0.09,0.01,54.66
62,688071,2021/7/31,20210729,86.37,13.73,2021/7/29,4.05%,213.18,-0.09,-0.03,43
63,688072,2022/4/30,20220420,78.57,71.88,2022/4/20,-17.40%,28.41,0.1,-0.03,101.59
64,688073,2022/10/31,20221011,41.06,88,2022/10/11,4.03%,-23.4,0.06,0.09,81.79
65,688075,2021/11/30,20211118,67.15,78.28,2021/11/18,15.02%,13.44,-0.07,0,72.32
66,688076,2021/5/31,20210520,72.03,15.57,2021/5/20,11.50%,397.75,0.01,0,78.29
67,688077,2020/7/31,20200722,74.46,28.07,2020/7/22,12.57%,117.35,0.39,-0.16,83.05
68,688078,2019/12/31,20191230,77.36,21.59,2019/12/30,9.54%,126.49,0.04,-0.03,50.07
69,688079,2021/3/31,20210302,76.37,10.19,2021/3/2,0.65%,154.66,-0.15,-0.08,25.63
70,688080,2020/2/29,20200212,82.12,27.63,2020/2/12,4.94%,383.17,0.05,-0.05,139
71,688081,2020/1/31,20200106,75.65,28.21,2020/1/6,3.79%,86.92,0.02,0.03,54.69
72,688082,2021/11/30,20211118,72.49,85,2021/11/18,20.50%,52.65,-0.03,0.1,137.9
73,688083,2021/3/31,20210311,71.28,150.5,2021/3/11,-1.36%,171.76,0.1,-0.11,318.62
74,688084,2022/12/31,20221208,66.82,60.98,2022/12/8,-4.43%,44.47,0.02,0.08,98.99
75,688085,2020/4/30,20200409,71.29,20.96,2020/4/9,6.01%,71.76,0.17,-0.02,37.79
76,688086,2020/2/29,20200226,69.43,21.49,2020/2/26,3.57%,264.08,-0.11,-0.03,77.5
77,688087,2021/7/31,20210709,76.61,21.96,2021/7/9,1.21%,255.28,0.12,0.23,114.73
78,688088,2019/7/31,20190722,79.57,28.88,2019/7/22,-2.19%,126.97,-0.1,0.05,64.61
80,688090,2020/2/29,20200217,75.69,27.55,2020/2/17,6.16%,263.01,-0.07,0,98.46
81,688091,2021/9/30,20210909,68.28,38.1,2021/9/9,2.19%,28.58,-0.15,-0.05,32.64
82,688092,2021/3/31,20210319,85.34,19.11,2021/3/19,1.83%,128.21,-0.05,-0.11,42.8
83,688093,2020/9/30,20200930,66.82,17.55,2020/9/30,-6.93%,62.22,-0.04,0.01,20.09
84,688095,2020/9/30,20200908,67.53,238.53,2020/9/8,-6.71%,29.66,0.06,-0.05,253.31
85,688096,2020/4/30,20200409,72.48,14.34,2020/4/9,2.49%,102.58,-0.06,-0.04,27.75
86,688097,2021/5/31,20210512,73.45,11.27,2021/5/12,10.53%,85.27,0.14,0.04,25.21
87,688098,2019/10/31,20191028,85.1,8.8,2019/10/28,5.13%,318.3,-0.27,-0.17,36
88,688099,2019/8/31,20190808,75.13,38.5,2019/8/8,4.18%,272.36,0.05,-0.12,149.67
89,688100,2020/1/31,20200121,73.07,13.78,2020/1/21,1.11%,192.45,-0.12,-0.07,38.75
90,688101,2019/11/30,20191115,67.15,18.26,2019/11/15,-4.13%,48.96,-0.15,0.01,26.14
91,688102,2022/3/31,20220316,75.12,10.48,2022/3/16,-13.55%,90.08,-0.17,-0.1,19.8
92,688103,2021/9/30,20210910,88.3,12.04,2021/9/10,-2.75%,516.28,0.08,-0.1,79.48
93,688105,2021/11/30,20211115,71.05,55,2021/11/15,9.01%,55.18,0.11,0.02,99.87
94,688106,2020/6/30,20200616,69.84,15.48,2020/6/16,13.97%,151.49,0,0,39.06
95,688107,2021/11/30,20211112,77.24,26,2021/11/12,20.50%,170.19,-0.04,-0.07,82.34
96,688108,2019/10/31,20191030,83.07,6.99,2019/10/30,2.53%,217.74,-0.15,0.03,22.13
97,688109,2021/3/31,20210330,70.1,50.05,2021/3/30,-1.36%,78.82,-0.14,0.02,86.64
99,688111,2019/11/30,20191118,63.5,45.86,2019/11/18,-3.40%,175.51,0.08,0.08,146.31
100,688112,2021/12/31,20211201,78.42,46.6,2021/12/1,1.02%,128.22,0,-0.02,109.61
101,688113,2021/5/31,20210506,73.75,19.14,2021/5/6,6.91%,251.93,-0.13,0.13,72.71
102,688114,2022/9/30,20220909,70.17,87.18,2022/9/9,-2.47%,14.71,0.09,0.13,124
103,688115,2022/3/31,20220314,44.15,65.65,2022/3/14,-9.13%,-23.67,-0.08,-0.01,49.56
104,688116,2019/9/30,20190925,75.02,16,2019/9/25,2.80%,221.19,-0.14,-0.02,51.21
105,688117,2021/6/30,20210603,73.92,17.9,2021/6/3,-1.24%,265.98,0.02,-0.12,66.12
106,688118,2019/12/31,20191204,83.72,26.9,2019/12/4,9.54%,60.78,-0.09,-0.07,41.34
107,688119,2022/6/30,20220606,77.72,5.06,2022/6/6,8.34%,150.59,-0.19,0.01,12.68
108,688120,2022/6/30,20220608,64.9,136.66,2022/6/8,12.19%,63.98,0.01,0.05,238.5
109,688121,2021/9/30,20210906,75.39,18.16,2021/9/6,-6.22%,116.02,0.04,0.13,46.28
110,688122,2019/7/31,20190722,83.4,15,2019/7/22,3.92%,266.6,-0.16,0.06,53.65
111,688123,2019/12/31,20191223,73.2,33.25,2019/12/23,13.40%,139.19,0.01,0.04,82.28
112,688125,2022/4/30,20220415,49.41,60.55,2022/4/15,-18.61%,-23.25,-0.03,-0.06,45.39
113,688126,2020/4/30,20200420,71.14,3.89,2020/4/20,11.52%,180.46,-0.05,0.14,11.8
114,688127,2020/9/30,20200921,80.85,15.41,2020/9/21,-6.55%,126.02,-0.07,0.04,34.4
115,688128,2019/11/30,20191105,81.34,18.79,2019/11/5,-3.78%,43.27,-0.19,0.06,25.68
116,688129,2020/10/31,20201023,72.25,15.22,2020/10/23,-1.71%,123.39,-0.18,0.01,33.09
117,688130,2022/7/31,20220729,52.55,62.98,2022/7/29,-2.15%,-7.67,0.03,-0.04,63.65
118,688131,2021/6/30,20210608,71.59,64.99,2021/6/8,2.58%,382.27,0.1,-0.02,246.08
119,688132,2022/9/30,20220923,48.41,28.88,2022/9/23,-6.44%,-15.17,-0.1,0,24.5
120,688133,2020/10/31,20201030,82.02,44.47,2020/10/30,-1.71%,48.55,-0.07,-0.03,69.78
121,688135,2020/11/30,20201111,77.18,15.72,2020/11/11,7.85%,297.77,-0.08,0.01,69.38
122,688136,2020/12/31,20201214,66.93,22.33,2020/12/14,-1.41%,83.65,0.28,-0.11,52.32
123,688137,2022/9/30,20220929,41.34,106.19,2022/9/29,-7.96%,-28.89,0,-0.11,75.51
124,688138,2019/11/30,20191120,74.85,8.78,2019/11/20,-0.22%,122.67,-0.17,0,19.33
125,688139,2019/10/31,20191025,69.31,15.53,2019/10/25,2.53%,96.2,0.28,-0.11,38.33
126,688141,2022/12/31,20221223,72.26,38.26,2022/12/23,-6.31%,32.62,0.04,0,52.8
127,688143,2022/12/31,20221212,71.06,35.67,2022/12/12,-7.08%,37.4,0.01,-0.07,49.74
128,688146,2023/4/30,20230421,74.24,36.15,2023/4/21,-1.97%,35.8,0.04,-0.11,51
129,688147,2022/12/31,20221223,66.99,24.21,2022/12/23,-6.18%,13.38,0.01,0,27.81
130,688148,2021/8/31,20210806,80.17,4.58,2021/8/6,10.26%,659.83,0.09,-0.09,37.63
131,688150,2022/3/31,20220318,55.14,22.05,2022/3/18,-6.94%,-13.83,0.01,-0.05,19.34
132,688151,2021/12/31,20211206,70.33,35.09,2021/12/6,1.68%,24.25,-0.13,0.02,42.98
133,688152,2022/10/31,20221028,77.07,68.89,2022/10/28,21.46%,212.38,0.06,-0.04,230
134,688153,2022/4/30,20220412,46.85,66.6,2022/4/12,-17.40%,-36.04,0.13,0.16,56.72
135,688155,2020/8/31,20200811,72.22,38.77,2020/8/11,5.11%,111.53,-0.16,-0.02,81.51
136,688156,2020/9/30,20200922,74.15,15.91,2020/9/22,-8.66%,84.16,-0.06,-0.02,28.58
137,688157,2020/6/30,20200609,79.81,34.48,2020/6/9,2.05%,166.82,-0.07,0.11,95.68
138,688158,2020/1/31,20200120,71.82,33.23,2020/1/20,7.06%,119.53,-0.06,-0.03,72.89
139,688159,2020/1/31,20200123,67.64,20.35,2020/1/23,1.11%,178.18,-0.2,0.59,56.53
140,688160,2020/11/30,20201112,74.6,20.34,2020/11/12,1.69%,180.48,-0.03,0.28,72.57
141,688161,2021/6/30,20210630,71.95,36.22,2021/6/30,-1.05%,192.79,0.01,-0.11,105.87
142,688162,2021/11/30,20211110,85.73,46,2021/11/10,14.83%,94.57,0.01,0.16,104.47
143,688163,2022/3/31,20220311,71.35,33.03,2022/3/11,-4.48%,67.42,-0.08,-0.17,53.52
144,688165,2020/7/31,20200715,70.93,6.35,2020/7/15,14.57%,387.87,-0.06,-0.24,30.98
145,688166,2019/11/30,20191108,70.87,12.71,2019/11/8,-0.56%,140.83,0.06,-0.13,32.11
146,688167,2021/12/31,20211224,74.52,78.69,2021/12/24,-4.28%,145.14,-0.06,0.08,213.55
147,688168,2019/9/30,20190906,73.03,56.88,2019/9/6,5.06%,216.53,-0.03,-0.05,126.58
148,688169,2020/2/29,20200221,72.68,271.12,2020/2/21,2.68%,84.46,-0.08,0.02,352.98
149,688170,2022/4/30,20220429,44.86,30.18,2022/4/29,-18.61%,-2.25,-0.06,-0.02,29.18
150,688171,2022/1/31,20220127,70.36,28.68,2022/1/27,-4.62%,23.57,-0.19,0.02,35.13
151,688172,2022/12/31,20221216,60.82,21.98,2022/12/16,-6.31%,4.69,-0.11,0,23.01
152,688173,2022/1/31,20220121,78.22,33.57,2022/1/21,-14.96%,31.22,-0.22,-0.04,44.05
153,688175,2022/3/31,20220315,53.41,51.68,2022/3/15,-12.42%,-10.99,0.01,-0.01,47.17
154,688176,2022/1/31,20220107,48.53,22.98,2022/1/7,-10.00%,-23.41,0.03,-0.03,18.07
155,688177,2020/2/29,20200221,63.9,32.76,2020/2/21,2.32%,83.76,0.01,0.02,62.01
156,688178,2020/1/31,20200114,73.97,25.2,2020/1/14,0.13%,102.9,-0.05,0.07,52.39
157,688179,2020/10/31,20201026,70.31,19.43,2020/10/26,-1.71%,131.91,0.01,-0.08,32.09
158,688180,2020/7/31,20200715,62.06,55.5,2020/7/15,22.48%,172.07,-0.16,-0.08,151
159,688181,2020/1/31,20200106,69.43,43.98,2020/1/6,2.77%,39.36,-0.02,0.03,61.02
160,688182,2021/11/30,20211116,83.32,10.5,2021/11/16,16.29%,85.71,0.26,0.03,27.19
161,688183,2021/2/28,20210225,75.39,12.42,2021/2/25,-1.18%,72.62,-0.02,-0.06,20.61
162,688184,2022/9/30,20220919,52.85,51.88,2022/9/19,-11.28%,-21.76,0.04,-0.02,42.13
163,688185,2020/8/31,20200813,69.53,209.71,2020/8/13,-11.21%,87.45,-0.11,0.04,391.08
164,688186,2020/2/29,20200211,73.76,17.16,2020/2/11,-4.54%,210.2,0.02,-0.1,52.34
165,688187,2021/9/30,20210907,64.63,31.38,2021/9/7,-4.83%,83.24,-0.1,0.02,56.76
166,688188,2019/8/31,20190808,72.47,68.58,2019/8/8,-1.52%,255.61,-0.01,-0.13,171.14
167,688189,2020/3/31,20200326,64.29,34.94,2020/3/26,-0.78%,86.29,-0.15,-0.12,46.13
168,688190,2021/11/30,20211126,77.07,46.63,2021/11/26,34.98%,182.22,0.09,-0.05,143.34
169,688191,2021/4/30,20210408,71.6,11.38,2021/4/8,-1.42%,116.61,-0.13,-0.07,24.21
170,688192,2021/12/31,20211210,53.6,52.58,2021/12/10,6.91%,-21.83,-0.02,0.01,41.1
171,688193,2022/3/31,20220330,62.92,72.65,2022/3/30,-4.28%,-10.86,-0.02,-0.05,64.76
172,688195,2021/3/31,20210326,68.6,13.6,2021/3/26,0.65%,54.78,-0.08,-0.01,20.67
173,688196,2019/11/30,20191121,72.45,42.93,2019/11/21,-4.13%,18.5,-0.11,-0.09,48.14
174,688197,2022/3/31,20220323,42.33,39.9,2022/3/23,3.49%,-19.52,-0.04,-0.07,32.11
175,688198,2019/12/31,20191209,78.28,23.68,2019/12/9,4.47%,49.41,0.13,-0.14,28.25
176,688199,2019/11/30,20191105,69.38,66.68,2019/11/5,-4.13%,6.42,-0.06,0.02,68.3
177,688200,2020/2/29,20200218,73.08,107.41,2020/2/18,6.87%,216.55,-0.04,-0.06,227.57
178,688201,2021/4/30,20210421,70,26.78,2021/4/21,-3.39%,53.73,-0.05,0.09,28.12
179,688202,2019/11/30,20191105,77.52,41.5,2019/11/5,-3.90%,71.08,-0.07,0.04,50.39
180,688203,2022/8/31,20220816,71.29,16.68,2022/8/16,-3.76%,25,-0.1,0.06,20.75
181,688205,2022/8/31,20220809,66.59,48.51,2022/8/9,-2.13%,25.79,-0.08,0.04,61.02
182,688206,2021/12/31,20211228,78.37,28.28,2021/12/28,3.25%,51.03,-0.1,-0.01,42.68
183,688207,2022/3/31,20220317,64.14,39.49,2022/3/17,-9.65%,-5.14,-0.07,0.06,37.46
184,688208,2020/2/29,20200213,72.27,24.36,2020/2/13,3.57%,204.19,-0.11,0.01,72.72
185,688209,2022/4/30,20220419,62.06,24.23,2022/4/19,-17.40%,-9.7,0.05,0.01,23.06
187,688211,2021/10/31,20211026,47.34,90.2,2021/10/26,-0.35%,-12.63,0,-0.01,77.81
188,688212,2021/11/30,20211115,85.21,22.5,2021/11/15,15.02%,71.16,-0.1,0.01,38.37
189,688213,2022/5/31,20220520,78.41,31.51,2022/5/20,11.84%,79.82,-0.05,-0.1,56.66
190,688215,2020/8/31,20200828,78.34,34.73,2020/8/28,5.15%,160.32,-0.19,-0.02,89.62
191,688216,2021/6/30,20210623,85.68,14.82,2021/6/23,21.34%,386.64,-0.15,0.04,70.83
192,688217,2021/5/31,20210517,83.4,18.42,2021/5/17,9.23%,477.74,-0.04,0.07,122.42
193,688218,2019/12/31,20191211,77.4,17.36,2019/12/11,12.93%,84.74,-0.1,-0.03,31.58
194,688219,2020/11/30,20201118,83.49,8.29,2020/11/18,5.56%,373.46,-0.1,-0.02,38.97
195,688220,2022/1/31,20220114,53.09,164.54,2022/1/14,-14.96%,-33.75,-0.03,0.01,109
196,688221,2020/10/31,20201028,65.62,20.5,2020/10/28,-1.62%,45.9,-0.15,-0.01,29.91
197,688222,2020/4/30,20200416,75.1,20.52,2020/4/16,1.22%,129.43,-0.15,-0.01,46.74
198,688223,2022/1/31,20220126,66.73,5,2022/1/26,-12.71%,111,-0.04,0.03,10.53
199,688225,2022/2/28,20220209,87.5,30.51,2022/2/9,3.77%,27.53,-0.17,-0.08,38.65
200,688226,2021/7/31,20210707,82.83,6.42,2021/7/7,12.75%,196.73,0.01,-0.07,19
201,688227,2021/12/31,20211230,58.67,37.09,2021/12/30,3.25%,-11.51,-0.02,0,32.6
203,688229,2020/8/31,20200817,73.2,65.82,2020/8/17,2.06%,84,0.06,-0.12,144.8
204,688230,2021/12/31,20211201,74.49,134.81,2021/12/1,-5.50%,39.92,-0.1,0.02,133.56
205,688231,2022/7/31,20220722,57.83,39.08,2022/7/22,4.56%,-4.38,0.07,0.1,44.82
206,688232,2021/11/30,20211117,48.73,48.49,2021/11/17,15.69%,-4.5,0.05,-0.03,47.96
207,688233,2020/2/29,20200221,74.08,21.67,2020/2/21,6.87%,259.76,-0.02,0.01,76.75
208,688234,2022/1/31,20220112,69.44,82.79,2022/1/12,-14.96%,3.27,-0.04,-0.05,85.5
209,688235,2021/12/31,20211215,34.24,192.6,2021/12/15,1.82%,-16.42,0,0.01,162
210,688236,2021/12/31,20211230,54.4,29.81,2021/12/30,1.68%,-3.99,-0.04,-0.01,28.42
211,688237,2022/7/31,20220701,79.52,41.27,2022/7/1,4.56%,68.4,-0.03,-0.03,69.5
212,688238,2022/3/31,20220322,79.22,13.23,2022/3/22,1.64%,65.61,0.17,0.03,26.41
213,688239,2021/7/31,20210705,75.11,11.48,2021/7/5,3.63%,240.77,0.05,-0.01,46.88
214,688244,2022/10/31,20221019,81.05,49.19,2022/10/19,21.46%,22.48,-0.06,0,61.53
215,688246,2021/12/31,20211214,71.35,39.5,2021/12/14,3.25%,8.23,-0.01,0.04,44.37
216,688247,2022/8/31,20220825,69.82,9.37,2022/8/25,-3.73%,45.14,-0.11,-0.03,13.6
217,688248,2021/12/31,20211222,84.52,12.24,2021/12/22,8.88%,124.67,0.01,-0.05,27.68
219,688251,2022/6/30,20220606,77.74,35.62,2022/6/6,10.42%,56.54,-0.13,0.02,55.76
220,688252,2022/9/30,20220927,52.26,21.68,2022/9/27,-12.49%,-4.47,-0.09,-0.06,20.71
221,688253,2022/7/31,20220728,76.54,26.06,2022/7/28,-1.54%,26.63,-0.09,0,33
222,688255,2021/10/31,20211025,72.41,47.11,2021/10/25,-1.81%,10.76,-0.13,-0.08,51.27
223,688256,2020/7/31,20200720,77.92,64.39,2020/7/20,10.01%,229.86,0.29,0.03,281.5
224,688257,2021/10/31,20211027,50.03,62.3,2021/10/27,-0.35%,-14.04,-0.07,0,52.89
225,688258,2019/12/31,20191209,81.88,26.49,2019/12/9,9.54%,108.38,0.43,-0.13,78.32
226,688259,2022/1/31,20220112,77.43,66.6,2022/1/12,-14.96%,32.36,-0.03,-0.04,107.91
227,688260,2021/4/30,20210406,73.72,9.63,2021/4/6,-3.30%,196.26,-0.09,-0.1,28.37
228,688261,2022/2/28,20220210,71.27,130,2022/2/10,4.72%,0.08,0.05,0.03,147.99
229,688262,2022/1/31,20220106,72.59,41.98,2022/1/6,-14.96%,11.29,0.01,0,47.35
230,688265,2021/12/31,20211228,54.71,84.62,2021/12/28,-4.46%,-18.02,0.04,0.02,72.75
231,688266,2020/1/31,20200123,64.12,33.76,2020/1/23,4.49%,120.94,-0.1,0.15,74.59
232,688267,2022/2/28,20220216,74.56,41.9,2022/2/16,7.18%,0.72,0.07,-0.06,46.35
233,688268,2019/12/31,20191226,77.56,22.16,2019/12/26,18.02%,134.66,-0.08,-0.09,51.33
234,688269,2021/6/30,20210609,78.13,18.94,2021/6/9,-2.00%,320.22,0.46,-0.09,81.6
235,688270,2022/1/31,20220127,51.3,61.88,2022/1/27,-14.96%,-9.18,-0.02,-0.01,55.92
236,688271,2022/8/31,20220822,60.76,109.88,2022/8/22,-3.43%,64.93,0,-0.03,182
237,688272,2021/10/31,20211018,73.44,22.56,2021/10/18,1.05%,104.39,0.04,-0.09,48.15
238,688273,2022/8/31,20220811,71.88,40.29,2022/8/11,-3.43%,9.38,-0.01,-0.1,43.44
239,688275,2022/9/30,20220929,38.39,299.88,2022/9/29,-11.28%,-27.59,-0.06,-0.05,217.14
240,688276,2021/6/30,20210625,66.11,36.35,2021/6/25,-4.07%,226,-0.09,-0.07,118.3
241,688277,2020/7/31,20200707,75.13,12.04,2020/7/7,16.19%,614.29,0.21,-0.02,118
242,688278,2020/1/31,20200117,78.2,8.24,2020/1/17,6.64%,328.4,0.21,0.15,49.1
243,688279,2022/4/30,20220420,48.22,82,2022/4/20,-17.40%,-19.27,-0.07,-0.03,65.8
244,688280,2021/10/31,20211027,78.53,13.78,2021/10/27,2.72%,28.45,-0.22,0.01,17.7
245,688281,2022/3/31,20220307,75.88,189.5,2022/3/7,-12.42%,37.2,0.01,0.12,209.13
246,688282,2022/3/31,20220318,51.28,65.21,2022/3/18,-12.42%,-15.04,0.02,-0.06,55.59
247,688283,2022/2/28,20220215,78.42,33.8,2022/2/15,7.77%,11.04,0,-0.05,37.65
248,688285,2021/10/31,20211020,76.63,7.18,2021/10/20,-3.25%,48.33,-0.08,0,10.54
249,688286,2020/8/31,20200810,79.42,62.67,2020/8/10,-2.87%,269.4,-0.16,-0.11,230.69
250,688287,2022/5/31,20220525,22.95,21.88,2022/5/25,13.98%,-23.63,0.08,-0.07,18.06
251,688288,2019/11/30,20191106,75.91,24.99,2019/11/6,-4.16%,25.09,0.43,-0.17,43.99
252,688289,2020/8/31,20200828,67.92,50.48,2020/8/28,-6.54%,129.91,-0.08,0.01,73.04
253,688290,2022/4/30,20220429,50.92,33.89,2022/4/29,-18.61%,-6.37,0.07,-0.06,28.07
254,688291,2022/10/31,20221026,71.28,26.77,2022/10/26,21.46%,27.16,-0.05,-0.13,34.04
255,688292,2022/8/31,20220818,69.09,16.56,2022/8/18,-2.13%,20.17,-0.07,-0.02,19.9
256,688293,2022/9/30,20220902,73.47,80.2,2022/9/2,-11.32%,58.65,-0.1,0.03,127.24
257,688295,2022/4/30,20220406,72.48,29.33,2022/4/6,-18.80%,24.62,-0.09,-0.04,36.55
258,688296,2021/7/31,20210727,71.02,12.46,2021/7/27,-4.32%,161.72,-0.19,0.25,36.76
260,688298,2020/2/29,20200205,69.13,21.25,2020/2/5,8.01%,586.96,-0.12,0.06,97.25
261,688299,2019/11/30,20191106,74,13.71,2019/11/6,0.51%,30.27,0.18,-0.04,20.75
262,688300,2019/11/30,20191115,72.88,27.28,2019/11/15,-4.03%,61.29,-0.15,-0.01,29.61
263,688301,2020/9/30,20200918,74.06,119.6,2020/9/18,-5.81%,33.86,0.06,-0.01,119.58
264,688302,2022/4/30,20220412,64.49,42.92,2022/4/12,-17.66%,-29.87,0.37,-0.08,41.3
265,688303,2021/7/31,20210722,62.15,21.49,2021/7/22,12.75%,184.36,0.02,0.14,65.08
266,688305,2021/7/31,20210709,76.6,11.03,2021/7/9,2.73%,853.04,0,0.02,113.8
267,688306,2022/3/31,20220322,71.45,5.08,2022/3/22,-13.54%,35.43,-0.06,-0.09,6.88
268,688307,2023/2/28,20230216,76.2,23.88,2023/2/16,7.50%,102.18,-0.06,-0.1,48.28
269,688308,2020/12/31,20201210,69.32,23.99,2020/12/10,-5.09%,76.7,-0.17,-0.09,41.68
270,688309,2020/7/31,20200714,71.94,24.79,2020/7/14,9.95%,239.73,-0.13,-0.15,84.01
271,688310,2019/12/31,20191203,72.83,24.79,2019/12/3,12.93%,25.17,-0.1,-0.02,29.71
272,688311,2020/7/31,20200731,74.7,41.58,2020/7/31,26.62%,228.91,0.05,-0.04,149.44
273,688312,2020/6/30,20200608,72.93,19.68,2020/6/8,9.64%,210.87,-0.04,-0.05,57.88
274,688313,2020/8/31,20200812,76.35,10.82,2020/8/12,-0.10%,269.04,-0.12,0.04,39.74
275,688314,2021/5/31,20210518,90.58,17.34,2021/5/18,9.23%,430.85,0.11,-0.03,70.72
276,688315,2021/4/30,20210413,78.51,12.76,2021/4/13,15.26%,114.73,-0.09,-0.04,29.84
277,688316,2021/3/31,20210316,74.28,63.7,2021/3/16,-1.36%,28.93,0.03,-0.14,84.85
278,688317,2021/1/31,20210118,66.88,43.22,2021/1/18,-1.09%,73.25,-0.07,0.01,79.68
279,688318,2020/4/30,20200427,72.5,107.41,2020/4/27,4.46%,87.41,-0.12,0.01,140.6
280,688319,2021/6/30,20210608,84.4,9.88,2021/6/8,-4.07%,303.85,-0.06,0,39.9
281,688320,2022/4/30,20220428,45.68,23.66,2022/4/28,-18.61%,-16.74,-0.03,0.02,19.7
282,688321,2019/8/31,20190812,80.76,20.43,2019/8/12,3.19%,366.52,-0.11,0.17,102
283,688322,2022/7/31,20220707,70.22,30.99,2022/7/7,4.12%,38.85,-0.16,-0.08,43.03
284,688323,2021/4/30,20210428,88.96,5.97,2021/4/28,1.03%,354.27,0.04,-0.02,28.02
285,688325,2022/4/30,20220422,36.79,74.55,2022/4/22,-17.40%,-26.06,-0.2,-0.12,55.12
286,688326,2022/4/30,20220419,39.31,121,2022/4/19,-22.79%,-17.35,0.03,-0.09,103.2
287,688327,2022/5/31,20220527,73.67,15.37,2022/5/27,8.82%,39.23,-0.09,0.35,32.3
288,688328,2021/3/31,20210309,79.18,16.49,2021/3/9,1.83%,216.56,-0.23,-0.06,51.36
289,688329,2021/3/31,20210329,73.23,16.81,2021/3/29,-4.93%,68.35,0.02,-0.07,28.17
290,688330,2020/10/31,20201015,63.06,88.23,2020/10/15,5.57%,22.97,-0.06,-0.07,105.56
291,688331,2022/3/31,20220331,54.28,48,2022/3/31,3.49%,-14.92,0.01,0.09,44.8
292,688332,2022/7/31,20220715,42.34,91.66,2022/7/15,-2.15%,-29.85,-0.03,0,63.55
293,688333,2019/7/31,20190722,82.55,33,2019/7/22,-0.52%,94.94,-0.11,0.18,50.62
294,688335,2020/8/31,20200817,70.24,46.22,2020/8/17,6.66%,40.89,0.07,-0.06,49.15
295,688336,2020/7/31,20200722,67.56,28.18,2020/7/22,22.48%,91.98,0,-0.07,54.1
296,688337,2022/4/30,20220408,54.72,60.88,2022/4/8,-17.63%,-34.66,-0.08,0.04,40.83
297,688338,2020/8/31,20200806,70.79,50.35,2020/8/6,-6.54%,237.99,-0.12,-0.1,167.72
298,688339,2020/8/31,20200810,80.3,76.65,2020/8/10,5.11%,144.12,-0.06,-0.09,133.66
299,688343,2023/4/30,20230404,75.67,43.92,2023/4/4,-7.39%,137.04,-0.05,0.02,104.11
300,688345,2021/6/30,20210611,79.82,25.91,2021/6/11,8.94%,228.44,-0.19,-0.1,84.84
301,688348,2022/6/30,20220608,74.46,163,2022/6/8,16.43%,77.98,0.02,0.15,377
302,688349,2022/6/30,20220622,68.34,29.8,2022/6/22,16.43%,37.45,0.04,0,43.78
303,688350,2021/1/31,20210128,81.19,13.58,2021/1/28,-9.01%,94.04,0.21,0.2,36.69
304,688351,2022/8/31,20220831,50.96,16.51,2022/8/31,-3.43%,-20.35,0.03,-0.03,13.89
305,688352,2023/4/30,20230420,73.06,12.1,2023/4/20,-5.16%,43.97,-0.14,-0.03,17.42
306,688353,2022/7/31,20220713,66,98.35,2022/7/13,11.18%,14.13,0.02,0.04,120.94
307,688355,2021/5/31,20210512,65.34,17.65,2021/5/12,4.03%,54.11,-0.01,-0.04,26.69
308,688356,2020/8/31,20200826,79.38,41.18,2020/8/26,-1.32%,232.3,-0.22,-0.07,135.83
309,688357,2019/12/31,20191204,57.57,43.28,2019/12/4,3.64%,-2.15,-0.01,-0.03,42.67
310,688358,2019/12/31,20191203,67.36,50.53,2019/12/3,4.47%,2.04,-0.12,-0.01,35.1
311,688359,2021/5/31,20210521,79.26,11.03,2021/5/21,12.98%,253.58,-0.21,0.06,38.82
312,688360,2020/6/30,20200602,74.4,25.12,2020/6/2,5.21%,193.79,-0.02,0.02,72.04
314,688362,2022/11/30,20221116,70.72,18.54,2022/11/16,4.14%,62.03,0.03,-0.08,30.88
315,688363,2019/11/30,20191106,74.07,47.79,2019/11/6,-7.62%,78.07,0.03,-0.02,98.58
316,688365,2020/4/30,20200429,78.89,10.8,2020/4/29,4.46%,252.13,0.13,0.21,42.84
317,688366,2019/10/31,20191030,76.1,89.23,2019/10/30,2.53%,46.48,-0.23,-0.02,128.57
318,688367,2021/6/30,20210628,71.67,11.53,2021/6/28,0.60%,108.15,-0.07,-0.04,23.74
319,688368,2019/10/31,20191014,69.96,56.68,2019/10/14,-3.05%,84.12,-0.14,-0.04,100.86
320,688369,2019/10/31,20191031,76.65,49.39,2019/10/31,1.69%,55.7,-0.06,-0.02,74.99
321,688370,2022/8/31,20220825,52.04,59.76,2022/8/25,-4.27%,-23.9,-0.06,0,45.48
322,688371,2022/8/31,20220802,67.32,18.54,2022/8/2,-2.33%,57.98,0.25,-0.08,36.7
323,688372,2022/10/31,20221026,71.82,61.49,2022/10/26,6.74%,81.59,-0.03,-0.1,111.66
324,688373,2022/8/31,20220805,67.84,8.16,2022/8/5,-3.73%,33.33,0.06,-0.11,11.58
325,688375,2022/7/31,20220722,69.83,70.88,2022/7/22,4.56%,35.43,0,0.08,103.14
326,688376,2022/11/30,20221118,64.4,29.19,2022/11/18,8.17%,29.15,-0.11,-0.04,37.7
327,688377,2020/7/31,20200708,70.54,16.42,2020/7/8,13.32%,143.61,0.01,-0.02,39.77
328,688378,2020/9/30,20200903,72.99,62.57,2020/9/3,-7.97%,51.25,0.06,-0.17,67.71
329,688379,2020/8/31,20200819,77.05,16.78,2020/8/19,6.21%,199.23,-0.25,-0.05,49.26
330,688380,2022/8/31,20220805,79.54,30.86,2022/8/5,-3.10%,82.11,-0.14,-0.04,56.2
331,688381,2022/8/31,20220823,67.4,41.68,2022/8/23,-3.10%,15.81,0.02,-0.06,49.05
332,688382,2022/7/31,20220725,50.33,18.12,2022/7/25,-2.28%,-15.62,-0.05,0.07,15.73
333,688383,2021/4/30,20210428,74.3,19.58,2021/4/28,-0.92%,234.53,0.19,0.06,81.98
334,688385,2021/8/31,20210804,76.14,6.23,2021/8/4,-9.41%,797.27,0.04,-0.05,58.24
335,688386,2020/10/31,20201016,88.57,16.28,2020/10/16,3.09%,183.6,-0.18,0.09,45.68
336,688387,2022/9/30,20220926,46.2,6.05,2022/9/26,-9.93%,-3.31,-0.06,0.04,5.85
337,688388,2019/7/31,20190722,76,28.26,2019/7/22,-2.28%,100.5,0.06,-0.02,61.04
338,688389,2019/11/30,20191105,85.53,9.1,2019/11/5,-3.30%,115.71,-0.08,0.11,19.62
339,688390,2020/9/30,20200904,78.4,37.93,2020/9/4,-0.78%,255.92,-0.08,-0.12,95.5
340,688391,2022/9/30,20220913,71.42,115,2022/9/13,-12.49%,20.09,0.2,-0.03,165.66
341,688392,2022/9/30,20220927,78.22,71.18,2022/9/27,-11.28%,69.46,-0.06,0,120.62
342,688393,2020/8/31,20200820,71.93,30.56,2020/8/20,-6.54%,97.91,-0.07,-0.1,59.3
343,688395,2021/4/30,20210429,83.41,15.95,2021/4/29,-0.69%,124.58,-0.16,-0.06,35.05
344,688396,2020/2/29,20200227,61.09,12.8,2020/2/27,6.87%,228.2,0.14,0.03,50.74
345,688398,2020/2/29,20200211,75.78,24.12,2020/2/11,0.91%,252.4,-0.01,-0.1,82.57
346,688399,2019/12/31,20191205,74.07,46.78,2019/12/5,4.47%,17.32,-0.07,-0.01,48.79
347,688400,2022/7/31,20220706,69.8,21.93,2022/7/6,11.23%,55.4,-0.15,-0.02,34.08
348,688401,2022/8/31,20220817,82.03,25.08,2022/8/17,-3.10%,129.23,-0.12,-0.08,57.49
349,688403,2022/8/31,20220818,84.1,8.88,2022/8/18,-3.10%,90.77,0.03,-0.13,17.49
350,688408,2020/8/31,20200828,71.35,42.19,2020/8/28,5.11%,84.4,0.07,-0.02,93.11
351,688409,2022/10/31,20221010,67.99,69.99,2022/10/10,6.74%,51.02,0.03,0.18,133
352,688410,2022/12/31,20221226,44.14,32.3,2022/12/26,-7.30%,-18.98,0,0.01,26.65
353,688416,2022/8/31,20220829,53.8,65.11,2022/8/29,-3.10%,-24.96,0.03,-0.06,52.7
354,688418,2020/7/31,20200722,75.99,16.25,2020/7/22,6.01%,158.4,0.32,-0.02,57.77
355,688419,2022/11/30,20221107,73.26,37.85,2022/11/7,4.14%,19.13,-0.05,0.1,47.14
356,688420,2022/12/31,20221209,59.04,48.96,2022/12/9,-6.25%,1.94,-0.01,-0.05,49.91
357,688425,2021/6/30,20210622,73.85,2.87,2021/6/22,4.41%,186.41,-0.04,-0.15,8.03
358,688426,2022/10/31,20221025,47.23,48.98,2022/10/25,10.36%,-10.94,0.02,0.01,44.9
359,688428,2022/9/30,20220921,49.23,11.03,2022/9/21,-7.96%,-15.41,-0.04,0.02,9.33
360,688432,2022/11/30,20221110,75.51,9.91,2022/11/10,4.14%,91.73,-0.08,0,19
361,688433,2023/4/30,20230417,78.24,26.66,2023/4/17,-4.05%,15.9,-0.13,-0.01,30.9
362,688435,2023/1/31,20230119,77.85,38.66,2023/1/19,13.43%,176.77,0.03,-0.04,110
363,688439,2022/8/31,20220826,71.05,66.99,2022/8/26,-5.17%,49.54,0.12,-0.02,113.6
364,688448,2022/9/30,20220921,50.17,32.9,2022/9/21,-9.35%,-11,0,-0.03,29.3
365,688455,2022/9/30,20220915,63.66,21.88,2022/9/15,-9.35%,-3.2,-0.17,-0.1,21.18
366,688456,2021/3/31,20210317,72.67,10.62,2021/3/17,-1.57%,290.49,-0.06,-0.03,40.85
368,688459,2022/10/31,20221012,60.01,13.58,2022/10/12,4.82%,-30.34,-0.04,0.01,9.6
369,688466,2020/5/31,20200508,72.65,24.61,2020/5/8,-1.38%,112.52,-0.1,-0.08,51.84
370,688468,2021/4/30,20210409,80.24,7.15,2021/4/9,17.94%,248.81,-0.26,-0.02,24.61
372,688475,2022/12/31,20221228,52.66,28.77,2022/12/28,-5.12%,-12.23,-0.03,0.05,27.8
373,688478,2023/4/30,20230424,80.83,32.52,2023/4/24,-5.16%,30.69,0.1,0.02,57.01
375,688480,2022/11/30,20221125,81.09,19.18,2022/11/25,8.17%,33.11,-0.1,0.02,27.71
376,688484,2023/4/30,20230407,68.39,39.99,2023/4/7,-5.16%,48.41,-0.14,-0.05,59.35
377,688485,2023/1/31,20230118,69.64,17.47,2023/1/18,6.48%,23.41,-0.11,-0.01,21.56
378,688486,2023/2/28,20230221,79.55,64.76,2023/2/21,1.06%,35.87,-0.03,0.05,90.11
379,688488,2020/7/31,20200720,73.65,13.99,2020/7/20,22.48%,121.02,0.21,-0.08,37.41
380,688489,2022/12/31,20221202,81.12,78.89,2022/12/2,-5.12%,51.48,0.03,0,123.59
381,688496,2022/12/31,20221228,73,9.16,2022/12/28,-5.98%,8.84,0,-0.09,9.97
382,688498,2022/12/31,20221221,71.56,100.66,2022/12/21,-6.31%,15.66,0.05,-0.04,124.39
383,688499,2021/7/31,20210701,70.28,38.85,2021/7/1,12.75%,358.69,-0.07,0.11,195.48
384,688500,2020/7/31,20200716,76.56,34.21,2020/7/16,7.94%,218.65,-0.24,-0.1,108.7
385,688501,2021/7/31,20210716,72.22,10.57,2021/7/16,0.17%,134.91,-0.18,-0.06,24.55
386,688502,2023/3/31,20230309,72.51,69.72,2023/3/9,2.26%,175.39,0.03,-0.05,197.55
387,688503,2022/12/31,20221209,68.66,110,2022/12/9,-6.18%,35.37,-0.06,-0.03,148.91
388,688505,2020/6/30,20200619,75.78,8.95,2020/6/19,12.94%,313.41,-0.11,0.09,36.64
389,688506,2023/1/31,20230106,67.32,24.7,2023/1/6,5.47%,29.76,0.2,0.12,43
390,688507,2023/4/30,20230418,65.04,245.56,2023/4/18,-7.39%,2.62,0.03,0.1,286.8
391,688508,2020/7/31,20200722,72.52,28.3,2020/7/22,10.01%,367.67,0.08,-0.11,141.42
392,688509,2021/7/31,20210730,70,1.97,2021/7/30,-4.32%,321.83,-0.13,-0.02,8.27
393,688510,2020/12/31,20201216,98.96,8.17,2020/12/16,3.06%,355.08,0.03,-0.11,38.17
394,688511,2021/7/31,20210730,82.39,28.09,2021/7/30,3.63%,268.46,0.04,-0.12,105.45
396,688513,2020/9/30,20200902,72.43,44.36,2020/9/2,-9.27%,68.44,-0.02,-0.11,72.95
397,688515,2023/2/28,20230210,62.14,92,2023/2/10,1.06%,152.7,-0.02,0.04,237.6
398,688516,2020/5/31,20200521,73.48,23.28,2020/5/21,-1.12%,167.18,0.03,-0.12,43.55
399,688517,2021/6/30,20210618,65.87,7.71,2021/6/18,8.94%,101.69,-0.06,0.14,16.03
400,688518,2020/6/30,20200622,73.28,7.81,2020/6/22,9.64%,235.72,0.04,0.07,28.72
401,688519,2020/8/31,20200818,70.87,32.6,2020/8/18,-2.87%,88.8,-0.21,-0.08,60.64
402,688520,2020/6/30,20200622,73.83,25.64,2020/6/22,18.99%,184.98,-0.02,0.04,74
403,688521,2020/8/31,20200818,74.45,38.53,2020/8/18,-2.87%,284.12,-0.01,-0.13,148
404,688522,2023/3/31,20230301,70.71,46.68,2023/3/1,-3.39%,29.39,0,0.01,62
406,688526,2020/9/30,20200922,75.87,11.69,2020/9/22,-13.51%,170.15,0.13,-0.03,35
407,688528,2020/7/31,20200701,72.29,11.33,2020/7/1,7.48%,186.41,-0.05,-0.05,31.91
408,688529,2020/11/30,20201109,80.52,20.2,2020/11/9,1.27%,291.58,-0.18,-0.05,78.17
409,688531,2023/3/31,20230331,66.88,152.38,2023/3/31,-2.75%,27.44,0,-0.06,194.3
410,688533,2021/4/30,20210419,80.48,7.72,2021/4/19,1.85%,316.84,-0.19,-0.15,32.11
411,688535,2023/4/30,20230404,75.1,35,2023/4/4,-5.16%,79,0.32,-0.12,83
412,688536,2020/9/30,20200921,74.74,115.71,2020/9/21,-5.13%,77.17,0.14,0.12,177.19
413,688538,2021/5/31,20210528,66.17,2.65,2021/5/28,5.35%,58.49,-0.05,0.03,4.2
414,688539,2023/4/30,20230418,57.37,38.22,2023/4/18,-1.61%,-8.42,0.08,0.01,40.64
415,688550,2020/9/30,20200902,66.38,113.72,2020/9/2,-7.39%,11.84,-0.09,-0.01,87.61
416,688551,2020/9/30,20200910,70.23,37.94,2020/9/10,-0.78%,33.1,-0.09,0.02,49.82
418,688553,2021/10/31,20211026,66.48,38.87,2021/10/26,-3.68%,1.9,-0.13,-0.05,39.25
420,688556,2020/8/31,20200807,72.74,14.41,2020/8/7,5.11%,240.39,-0.18,-0.04,34.75
421,688557,2020/12/31,20201202,74.27,27.7,2020/12/2,-5.09%,137.36,-0.12,-0.01,64.39
422,688558,2020/6/30,20200630,71.35,17.37,2020/6/30,5.21%,155.04,0.01,-0.04,43.56
423,688559,2020/9/30,20200909,72.75,14.56,2020/9/9,-7.61%,119.51,-0.25,0.07,31.96
424,688560,2020/12/31,20201224,74.88,15.87,2020/12/24,2.38%,109.7,0.03,-0.04,33.92
425,688561,2020/7/31,20200722,65.12,56.1,2020/7/22,7.94%,138.06,-0.02,0.01,133.55
427,688565,2021/5/31,20210513,71.16,9.39,2021/5/13,5.38%,176.89,-0.16,-0.15,18.17
428,688566,2020/5/31,20200518,67.33,23.69,2020/5/18,1.92%,92.91,0.2,-0.05,51.93
429,688567,2020/7/31,20200717,63.28,15.9,2020/7/17,15.31%,75.85,0.05,0.01,29.78
430,688568,2020/7/31,20200708,69.67,16.21,2020/7/8,7.94%,438.37,0.14,-0.08,100.31
431,688569,2020/8/31,20200831,68.94,22.46,2020/8/31,7.56%,52.89,-0.09,-0.07,33.51
432,688571,2020/12/31,20201211,71.4,5.33,2020/12/11,-8.19%,174.3,-0.2,0.05,14.04
433,688575,2021/5/31,20210517,78.33,14.8,2021/5/17,9.23%,332.43,-0.05,0,46.82
434,688577,2020/9/30,20200916,77.29,33.13,2020/9/16,-3.78%,85.15,0.08,-0.12,65.32
435,688578,2020/12/31,20201202,76.6,22.73,2020/12/2,-5.36%,69.6,-0.03,-0.09,38.55
436,688579,2020/7/31,20200717,79.44,8.12,2020/7/17,7.94%,271.92,-0.16,0.06,29.63
437,688580,2020/7/31,20200721,70.8,67.58,2020/7/21,16.19%,167.83,-0.05,-0.03,175.37
439,688585,2020/9/30,20200928,80.2,2.49,2020/9/28,-5.29%,556.63,-0.11,-0.02,16.22
440,688586,2020/7/31,20200731,76.31,10.27,2020/7/31,26.62%,292.99,0.24,-0.07,35.08
441,688588,2020/5/31,20200511,76.46,11.49,2020/5/11,-0.83%,264.93,-0.02,0.19,48.02
442,688589,2020/7/31,20200722,77.88,17.91,2020/7/22,10.01%,341.49,0.07,-0.16,83.21
443,688590,2020/12/31,20201207,77.29,10.73,2020/12/7,-8.22%,151.26,-0.05,0.01,20.13
444,688595,2020/9/30,20200928,81.84,22.82,2020/9/28,-5.13%,175.24,0.11,-0.11,49.46
445,688596,2020/8/31,20200820,76.37,15.67,2020/8/20,4.85%,111.23,0.02,-0.1,33.16
446,688597,2021/6/30,20210617,69.49,5.88,2021/6/17,8.94%,144.56,-0.09,0.02,14.09
447,688598,2020/5/31,20200518,72.29,47.2,2020/5/18,-1.12%,92.65,0.06,-0.04,95.67
448,688599,2020/6/30,20200610,69.43,8.16,2020/6/10,5.99%,110.91,0.02,0.02,17.65
449,688600,2020/7/31,20200703,71.9,15.5,2020/7/3,9.95%,131.61,-0.01,0.04,36.08
450,688601,2021/6/30,20210628,81.38,36.48,2021/6/28,21.34%,327.63,0.06,0.12,130.45
451,688606,2021/3/31,20210325,62.31,133.67,2021/3/25,-1.21%,30.13,-0.13,-0.06,166.54
452,688607,2021/2/28,20210201,85.64,23.21,2021/2/1,-0.29%,266.22,-0.31,0,83.42
453,688608,2020/12/31,20201216,68.82,162.07,2020/12/16,-2.46%,123.36,0.03,0,371.01
454,688609,2021/3/31,20210323,79.8,3.99,2021/3/23,-2.52%,239.35,-0.21,-0.06,13.44
455,688611,2021/4/30,20210412,70.83,33.44,2021/4/12,-1.42%,68.36,-0.14,-0.03,54.84
456,688613,2021/5/31,20210521,84.73,16.43,2021/5/21,9.23%,478.27,-0.08,0.16,109.36
457,688616,2021/3/31,20210318,73.87,7.35,2021/3/18,2.65%,150.07,-0.1,0,17.74
458,688617,2021/1/31,20210107,68.78,74.46,2021/1/7,-1.09%,245.18,-0.12,-0.03,255.22
459,688618,2020/12/31,20201230,76.63,34.08,2020/12/30,-10.94%,79.49,-0.12,0.03,62.62
460,688619,2021/2/28,20210223,69.13,19.31,2021/2/23,3.30%,102.43,-0.17,-0.02,38.83
461,688621,2021/6/30,20210621,74.78,26.89,2021/6/21,2.58%,346.6,-0.01,-0.1,119.74
462,688622,2021/9/30,20210913,83.01,17.7,2021/9/13,-3.83%,425.42,-0.04,0.05,93.44
463,688625,2021/6/30,20210607,77.12,16.48,2021/6/7,-2.00%,147.45,0.02,-0.06,44.42
464,688626,2021/3/31,20210331,71.43,28.82,2021/3/31,-1.21%,55.45,0.15,0.06,53.76
465,688628,2021/2/28,20210201,77.37,19.11,2021/2/1,-1.13%,274.67,-0.29,0.06,69.87
466,688630,2021/4/30,20210401,77.37,15.23,2021/4/1,-0.92%,189.56,0.52,0.04,71.11
467,688633,2021/3/31,20210324,73.56,33.62,2021/3/24,1.83%,84.12,-0.15,0.04,60.8
468,688636,2021/4/30,20210408,77.91,34.5,2021/4/8,-5.27%,212.99,-0.2,-0.12,107.56
469,688639,2021/4/30,20210422,73.22,23.16,2021/4/22,-8.28%,52.2,0.03,0.19,42.67
470,688655,2021/5/31,20210511,71.68,7.59,2021/5/11,7.15%,197.23,-0.13,-0.06,22.42
471,688656,2021/1/31,20210113,83.32,35.26,2021/1/13,-1.09%,81.51,0.2,-0.09,75.72
472,688658,2020/12/31,20201224,68.78,24.36,2020/12/24,-5.36%,29.89,-0.15,-0.07,29.84
473,688659,2021/3/31,20210331,73.14,6.5,2021/3/31,14.65%,160.77,-0.16,0.06,16.57
474,688660,2021/5/31,20210519,69.66,5.44,2021/5/19,7.38%,115.99,-0.05,-0.1,11.6
475,688661,2021/3/31,20210329,73.85,17.71,2021/3/29,-4.13%,86.9,0.28,0.04,47.23
476,688662,2021/4/30,20210401,75.68,15.61,2021/4/1,3.18%,129.98,0.06,-0.07,37.28
477,688663,2021/4/30,20210413,74.86,14.48,2021/4/13,-1.42%,53.66,-0.11,0,21.91
478,688665,2021/2/28,20210209,77.68,29.53,2021/2/9,-1.13%,121.81,-0.27,0.07,64.57
479,688667,2021/3/31,20210312,70.13,75.42,2021/3/12,0.51%,65.08,-0.17,-0.01,123.76
480,688668,2020/12/31,20201221,75.06,20.07,2020/12/21,-10.94%,123.67,-0.14,-0.07,43.64
481,688669,2021/1/31,20210125,67.93,36.65,2021/1/25,-0.09%,42.84,-0.14,0.02,51.73
483,688676,2021/3/31,20210309,75.89,10.1,2021/3/9,2.65%,141.09,-0.17,-0.04,23.6
484,688677,2021/2/28,20210226,75.5,35.76,2021/2/26,-0.29%,57.21,0.16,0.05,67.63
485,688678,2020/12/31,20201223,69.99,18.05,2020/12/23,-7.11%,59.94,-0.1,-0.01,28.12
486,688679,2020/12/31,20201225,70.25,12.05,2020/12/25,-8.19%,57.84,-0.16,-0.03,18.52
487,688680,2021/1/31,20210122,75.83,69.94,2021/1/22,-7.05%,211.7,-0.06,0,216.96
488,688681,2021/6/30,20210616,68.07,9.56,2021/6/16,8.94%,157.43,-0.2,-0.02,24.39
489,688682,2021/4/30,20210420,84.45,45.72,2021/4/20,-5.27%,126.4,-0.17,0.04,73.15
490,688683,2021/4/30,20210412,73.03,9.51,2021/4/12,-3.30%,85.7,-0.08,-0.05,17.36
491,688685,2021/5/31,20210513,84.65,9.02,2021/5/13,12.65%,240.02,-0.06,-0.14,30.67
492,688686,2020/12/31,20201231,75.69,78.49,2020/12/31,0.46%,176.21,0.19,0.05,182.39
493,688687,2021/2/28,20210208,72.34,18.98,2021/2/8,1.12%,121.29,-0.24,0.02,41.2
494,688689,2021/1/31,20210127,73.82,14.01,2021/1/27,-5.68%,128.91,0.12,0.01,40.33
495,688690,2021/6/30,20210623,80.25,8.07,2021/6/23,-1.24%,"1,273.98",0.04,-0.1,117.18
496,688696,2021/3/31,20210303,82.54,133.73,2021/3/3,-2.52%,296.33,0,0.16,430.15
497,688697,2021/9/30,20210917,71.94,7.55,2021/9/17,-7.61%,197.62,-0.15,0.03,22.08
498,688698,2020/12/31,20201229,80.91,10.75,2020/12/29,0.46%,86.23,-0.03,-0.08,19.68
499,688699,2020/12/31,20201218,72.78,38.43,2020/12/18,-2.46%,118.53,-0.15,-0.12,55.14
500,688700,2021/6/30,20210615,80.25,9.41,2021/6/15,4.41%,339.21,-0.23,0.04,40.92
502,688707,2021/9/30,20210914,77.21,11.75,2021/9/14,-1.18%,299.74,0,-0.13,46.75
503,688711,2021/9/30,20210901,73.04,27.51,2021/9/1,-6.12%,179.53,0.31,-0.08,72.06
504,688718,2021/7/31,20210728,89.6,5.85,2021/7/28,1.21%,586.84,0.12,-0.14,45.1
505,688722,2021/10/31,20211019,94.13,4.51,2021/10/19,-4.43%,262.08,-0.11,-0.06,16.33
506,688728,2021/8/31,20210818,70.37,14.38,2021/8/18,-9.41%,145.13,0.1,-0.08,38.71
507,688733,2021/8/31,20210817,75.51,15.49,2021/8/17,10.26%,302.84,0.01,0.11,75.76
508,688737,2021/10/31,20211022,55.3,70.9,2021/10/22,2.72%,-6.87,-0.03,-0.04,65.48
509,688739,2021/10/31,20211028,53,110,2021/10/28,-5.30%,-27.27,-0.01,0.01,78.57
